{
  "base_fcf_2025e_rmb_bn": 85.0,
  "growth_path": [
    0.5,
    0.3,
    0.2,
    0.15
  ],
  "wacc_range": [
    0.09,
    0.1,
    0.11,
    0.12,
    0.13
  ],
  "tgr_range": [
    0.02,
    0.03,
    0.04,
    0.05
  ],
  "results_hkd_per_share": [
    [
      160.16961377380503,
      183.13264691956311,
      215.28089332362435,
      263.5032629297163
    ],
    [
      139.2666596924364,
      156.0234931926531,
      178.36593785960872,
      209.64536039334655
    ],
    [
      123.03117195042988,
      135.71518277901018,
      152.02319670147057,
      173.76721526475103
    ],
    [
      110.06212922556,
      119.93995722158662,
      132.2872422166199,
      148.1623229245198
    ],
    [
      99.4680067999275,
      107.33719661718183,
      116.95509528271492,
      128.97746861463125
    ]
  ],
  "current_price_hkd": 217.8
}